+v <ljw@live.jp>
07akioni <07akioni2@gmail.com>
17073025 <17073025@cnsuning.com>
2724635499 <2724635499@qq.com>
282159468 <282159468@qq.com>
778758944 <778758944@qq.com>
Aaron Cawte <aaron@bbncreative.co>
Aaron Planell López <aaronplanell@gmail.com>
Aaron674092290 <y1922462644@163.com>
Adam Stankiewicz <sheerun@sher.pl>
Aditya Padhi <aditya.padhi@outlook.com>
Adrian Dimitrov <dimitrov.adrian@gmail.com>
Adriano Ruberto <adriano.ruberto@gmail.com>
Aex <adaex@qq.com>
Ahmad Abdelaziz <ahmad.abdelaziz@robustastudio.com>
Ahmed AlSammany <ahmed.alsammany@incorta.com>
Ahmet Simsek <iamaroott@gmail.com>
Aidin <aidin.dadashzadeh@gmail.com>
Aiello <770540123@qq.com>
Akara <messiahhhc@gmail.com>
AkiJoey <akijoey1010635951@gmail.com>
Akshat Mittal <itsreallyakshat@gmail.com>
Alan Braithwaite <asbraithwaite@gmail.com>
Alan Deng <alanhaledc@gmail.com>
Albert Mañosa <albertmasa2@gmail.com>
Albert Zhang <ziyuximing@163.com>
Albert Zheng <lisong.zheng@gmail.com>
Albert 理斯特 <shuaizhexu@gmail.com>
Alberto Marchetti <cmaster11@gmail.com>
Aleck Landgraf <aleck.landgraf@gmail.com>
Alek Ye <relayon@163.com>
Aleksandr Chernokondratenko <etherreals777@gmail.com>
Alex <alex@niznik.info>
Alex Simons <alexsimons9999@gmail.com>
Alexander <labriko@yandex.ru>
Alexander Anpleenko <vaeum@yandex.com>
Alexander Ionov <orlicus@gmail.com>
Alexander Kachkaev <alexander@kachkaev.ru>
Alexander Suevalov <suevalov.work@gmail.com>
Alexander.Kosov <Alexander.Kosov@nexign-systems.com>
Alexandre Kirszenberg <a.kirszenberg@gmail.com>
Alexey Vinogradov <vinogradov.a.i.93@gmail.com>
Alexey Yakovlev <yallie@yandex.ru>
Alfred Qiu <sc941203@gmail.com>
Ali Zhdanov <makedonec88@gmail.com>
AliRezaBeigy <AliRezaBeigyKhu@gmail.com>
Aliaksandr <puskin1914@gmail.com>
Alina Andrieieva <emilialina@list.ru>
Alireza <alireza.mh@gmail.com>
Alvin Abia <alvin.abia@icloud.com>
Aminul Islam <me@aminul.net>
Amir Arafat <amirarafat1@gmail.com>
Amorites <751809522@qq.com>
Amour1688 <lcz_1996@foxmail.com>
Amumu <yoyo837@hotmail.com>
Anas Tawfeek <anas.tawfeek@outlook.com>
Andre Perunicic <andre@intoli.com>
Andre Zyczkowski <andre@oakslab.com>
Andrea Blanco <estefania_8_3@hotmail.com>
Andrew Blakey <ablakey@gmail.com>
Andrew Horn <arhorn@smcm.edu>
Andrew Murray <radarhere@gmail.com>
Andrew Shearer <andrew@ashearer.com>
Andrey G <plandem@gmail.com>
Andrzej Dybionka <andrzej@arabel.la>
André <mazoni.andre@gmail.com>
Andrés <andresin87@gmail.com>
AndyJin <jjj706@163.com>
Ankit Babbar <ankit.babbar@valuebound.com>
Antee <gtavctt@protonmail.com>
Aobo Yang <yangaobo@gmail.com>
Ardo Kusuma <ardo@uber.com>
Arlindo Torres <arlindofontetorres@gmail.com>
Arnab Sen <arnabsen@gmail.com>
Arthur Denner Oliveira Santos <arthurdenner7@gmail.com>
Artin <lengthmin@gmail.com>
Arvin Xu <arvinx@foxmail.com>
Ash Kumar <kumar.ashwin@outlook.com>
Ashot Mnatsakanyan <mnatsakanyan.ashot@gmail.com>
Austaras <austaras@outlook.com>
Ayden <itxcc420@gmail.com>
Aymen Bouchekoua <bouchekoua.aymen@gmail.com>
Aymen Chebbi <a.chebi@klarx.com>
BK Heleth <bon.hoo@hotmail.com>
Babajide Fowotade <jide.b.tade@gmail.com>
Baic <303394539@qq.com>
Barry <barry.yansh@gmail.com>
Bartek <bartek.kozera@gmail.com>
Belikov Ivan <wanjas@gmail.com>
Ben Callaway <me@bencallaway.com>
Benedikt Franke <benedikt@franke.tech>
Benjamin Amelot <bam@activeviam.com>
Benjamin Kniffler <bkniffler@me.com>
Benjamin Schuch <bschuch@gmx.net>
Benjamin Vertonghen <ben.vertonghen@gmail.com>
Benjy Cui <benjytrys@gmail.com>
Benoît Latinier <benoit@latinier.fr>
BensonChen <472756921@qq.com>
Bernie <bernie.wangbj@gmail.com>
Bestie <lucientown@outlook.com>
Bhavesh Chowdhury <bhaveshch20@gmail.com>
Bilal Sirazitdinov <bilalsir@yandex.ru>
Bill Searle <billsearle@gmail.com>
Bill Sheikh <bilawals22@gmail.com>
Blaz Pocrnja <bpocrnja@gmail.com>
Bo Chen <bochen2014@yahoo.com>
Bojack <xlk970115@gmail.com>
Bolun Zhang <rzhangbolun@gmail.com>
Bora Ikizoglu <boraikizoglu@gmail.com>
Bosseskompis <bosseskompis@gmail.com>
Bozhao <yubz86@gmail.com>
Bradley Xu <xgheaven@gmail.com>
Brett Lamy <bel423@me.com>
Brook Shi <iwxiaot@gmail.com>
Bruce Mitchener <bruce.mitchener@gmail.com>
Bruno Maia <bruno.mm.maia@gmail.com>
Bryan Berger <bb@ga.co>
BugHiding <609228186@qq.com>
C <4019980@qq.com>
C. T. Lin <chentsulin@gmail.com>
C.J. Winslow <whoaa512@gmail.com>
CORP\lianyufeng <15275222711@163.com>
Calin Vlad <vlad.s.calin@gmail.com>
Cam Song <neosoyn@gmail.com>
Camol <kwwnjujlc@sina.com>
Cang Ta <hoksilato176@gmail.com>
Canwen Xu <canwenxu@126.com>
Carlos Coves Prieto <carlos.coves@interacso.com>
Carter Feldman <carter@carter.at>
Caspian Chen <624081567@qq.com>
Cat-XHS <1349021570@qq.com>
Catalin Miron <mironcatalin@gmail.com>
Cedong.Lee <yizhilcd@gmail.com>
Cee Cirno <i@cee.moe>
Cemre Mengu <cemremengu@gmail.com>
Chalk <chalkpe@gmail.com>
Chandler Moisen <chandlermoisen@gmail.com>
Chang Wang <cheapsteak@gmail.com>
Chang Wei <changwei1006@gmail.com>
Chang Wei <867597730@qq.com>
Charles Covey-Brandt <chazcb@gmail.com>
Charlie Jonas <charlie@callawaycloudconsulting.com>
Chelsea Huang <chelsea.huang@sap.com>
ChenXiao <xiaoxiang930601@163.com>
ChenXiao <2459402883@qq.com>
Cheng Liu <liucheng.tech@outlook.com>
Chenjia <ariesjia00@hotmail.com>
Chiciuc Nicușor <nicuchiciuc@gmail.com>
Chikara Chan <chenhongtu@51xianqu.net>
Chinnawat Chimdee <chinnawat.cpre@gmail.com>
Chris Frisina <github@specialorange.org>
Chris Kelly <cjke.7777@gmail.com>
Chris Young <someyoungideas@gmail.com>
ChrisFan <chris.fan.dev@gmail.com>
Christian Fleschhut <weltrekordhalter@gmail.com>
Christian Vadalà <chr.vadala@gmail.com>
Christophe Hurpeau <christophe@hurpeau.com>
Christopher Deutsch <cd@cdeutsch.com>
ChuTao Zhang <chutao.zhang@outlook.com>
Chuang Yu <cyu9960@gmail.com>
Chuck <wfhtzcf@gmail.com>
Chuns Chen <i@chunschen.com>
Claudio Restifo <claudio.restifo@gmail.com>
Cody Chan <int64ago@gmail.com>
Cole <cqiufan@outlook.com>
Colton Pierson <colton@coltonpierson.com>
Confiks <confiks@scriptbase.org>
Cong Yoo <roopher@163.com>
Cong Zhang <dancerphil1994@gmail.com>
Connor White <connor.bcw@gmail.com>
Conway Anderson <hello@conwayanderson.com>
Cooper Veysey <cwveysey@gmail.com>
Cordaro <elvis07@163.com>
CornerSkyless <573196853@qq.com>
Curly.Water <water.curly@gmail.com>
D & R <jdz321@qq.com>
Daewoong Moon <wiziple@gmail.com>
Dalton Craven <daltoncraven@proton.me>
Damian Green <damian@gcoders.com>
Damian Green <damian.green@microlease.com>
Dan Minshew <ofenixculpa@gmail.com>
Dana Janoskova <dana.janoskova@accenture.com>
Dane David <dndavid102@gmail.com>
Daniel <caishujunchn@163.com>
Daniel Chang <danielchang2022@u.northwestern.edu>
Daniel Gomez <dgomez@orangeloops.com>
Daniel Harrison <daniel.equiknox@gmail.com>
Daniel Pfeffer <mail@danielpfeffer.de>
Danny Hoower Antonio Viasus Avila <danjavia@gmail.com>
Daphne Won <daphne.won@shopee.com>
Daqi Song <dqaria@gmail.com>
Darren Poon <dyhpoon@gmail.com>
Daryl Roberts <daryl.roberts@gmail.com>
Darío Hereñú <magallania@gmail.com>
Dave <wangcch.cc@gmail.com>
Dave <ci713@qq.com>
David Broder-Rodgers <david.broder-rodgers@softwire.com>
David Hatten <dhatten@covermymeds.com>
David Schneider <davschne@gmail.com>
Davide Bianchi <bianchidavide12@gmail.com>
Dawnlck <chaokai.lck@antgroup.com>
Dean van Niekerk <deanvniekerk@gmail.com>
Debiancc <never.be.evil.debian@gmail.com>
DengYun <tdzl2003@gmail.com>
Denis <shumkovdenis@gmail.com>
Dennis Chen <dennisc695@icloud.com>
Denys Halenok <denys.halenok@gmail.com>
Derrick <derricktel@foxmail.com>
Di Wu <di@gridx.cn>
DiamondYuan <admin@diamondyuan.com>
DiamondYuan <541832074@qq.com>
Diego Barreiro <diego.barreiro.perez@gmail.com>
Diego Villacís <diegovillacis101@gmail.com>
Dimitri Mitropoulos <dimitrimitropoulos@gmail.com>
Dmitriy <dimusig@gmail.com>
Dmitriy Mironov <dima.dev01@gmail.com>
Dmitry Bolotin <bolotin.dmitriy@gmail.com>
Dmitry Cherendieiev <destaom@gmail.com>
Dmitry Gladkikh <abdurahmanus@gmail.com>
Dmitry Guryev <dmitry.gurjev@gmail.com>
Dmitry Manannikov <email@slonoed.net>
Dmitry Snegirev <rikkitp@gmail.com>
Dmitry Tikhomirov <tikhomirov@element-soft.com>
Dongcheng Wang <dongcheng6@qq.com>
Dony Sukardi <donysukardi@gmail.com>
Dorian <dorian@doma.io>
DosLin <doslino@gmail.com>
Douglas Mason <Demasonjr@gmail.com>
Dreamcreative <m543438924@163.com>
Dunqing <dengqing0821@gmail.com>
Dunqing <1247748612@qq.com>
Duy Pham <hongduyphp@gmail.com>
Dzmitry Yarmoshkin <spanb4@gmail.com>
Eager <1226393396@qq.com>
Eber Rodrigues <eberjoe@gmail.com>
EcmaProSrc.P/ka <asoiso@foxmail.com>
Ed Moore <ed@90seconds.tv>
Edd Hannay <accounts@edd.fm>
Eddie Xie <oeddyo@gmail.com>
Eden Wang <yociduo@vip.qq.com>
Eden Wang <Eden.Wang@Akmii.com>
Eduardo Ludi <eduludi@gmail.com>
Edward <7047924@qq.com>
Egor Yurtaev <yurtaev.egor@gmail.com>
Elaina Cherudim <shr9192@gmail.com>
Eldar Mirzabekov <prog.eldar@gmail.com>
Eldar Mustafaiev <eldar.mustafaiev@gmail.com>
Eli White <github@eli-white.com>
Eliot Sanford <eliot587@gmail.com>
Ell Bradshaw <cincodenada@gmail.com>
Emerson Laurentino <emersonlaurentino@hotmail.com>
Emily Xiong <xiongemi@gmail.com>
Ender Lee <chnliquan@163.com>
Eric <84263800@qq.com>
Eric Bonow <ebonow@hotmail.com>
Eric Celeste <efc@clst.org>
Eric Chen <airkro@qq.com>
Eric Lee <ericfly33@gmail.com>
Eric Turriff <eric.turriff@gmail.com>
Eric Wang <eric@canva.com>
Eric Wang <wjun0912@gmail.com>
Ernest Folch <ernest.folch@gmail.com>
Erwann Mest <m+github@kud.io>
Eslam Yahya <eslamyahya.dev@gmail.com>
Eugene Matvejev <eugene.matvejev@gmail.com>
Eugene Molokov <molokovev@gmail.com>
Eusen <179530591@qq.com>
Evan Charlton <evancharlton@gmail.com>
EvanOne（文一） <1656081615@qq.com>
Evgeny Kuznetsov <jackk@ya.ru>
Eward Song <eward.song@gmail.com>
FJHou <firemybugs@gmail.com>
Fachreza Muslim <fachreza.muslim7396@gmail.com>
Federico Marcos <marcosfede@gmail.com>
Ferdi Koomen <info@madebyferdi.com>
Fergus Leung <fergusleung96@gmail.com>
Fernando Giarritiello <fgiarritiello@gmail.com>
Filip Kukovec <filip.kukovec1@gmail.com>
Filip Seman <filip.seman@protonmail.com>
Florian Orpelière <florian.orpeliere@gmail.com>
Flynn <li.fulin@foxmail.com>
Fog3211 <fog3211@163.com>
For177 <mengqiang.q@gmail.com>
Frank <frankdingv@gmail.com>
Frank Fang <FrankFang1990@gmail.com>
Frezc <Frezcw@gmail.com>
Fullstop000 <fullstop1005@gmail.com>
GJ Wang <itellboy@foxmail.com>
GSBL <2602140596@qq.com>
Gabe Medrash <gabeme@alleninstitute.org>
Gabriel Haruki <gabrielharukisatoh@gmail.com>
Gabriel Henrique <bielrockx@gmail.com>
Gabriel Le Breton <lebreton.gabriel@gmail.com>
Gabriel Mendez Reyes <gabriel.mendez0@hotmail.com>
Gabriel Nunes <gabriel@multiverso.me>
GalenWong <wonggalen1999@gmail.com>
GannonSun <GannonSun@gmail.com>
Gao Jiangmiao <tolbkni@gmail.com>
Garrick Crouch <garrickcrouch@gmail.com>
Gautier <rollingautier2@gmail.com>
Geoff Holden <geoff@brightloudnoise.com>
Geoffrey Bell <gtb104@yahoo.com>
George Gray <george@ummodesign.com>
Germini <634709523@qq.com>
Gerson Garrido <ggarridom23@gmail.com>
Gherciu Gheorghe <gherciu553@gmail.com>
Gianmarco Rengucci <rengucci.gianmarco@gmail.com>
Gin-X <xcbwyys@hotmail.com>
Go7hic <gtfx0209@qq.com>
Goh Zhao Yang <austinzy@airasia.com>
Golevka <huangsamfisher@163.com>
Googleplex <yyoung2001@gmail.com>
Gourav Saini <mailtogouravsaini@gmail.com>
Graeme Yeates <yeatesgraeme@gmail.com>
Graeme Yeates <gyeates@clearpath.ai>
Grant Klinsing <gklinsing@gmail.com>
Gray Choi <gray.choi.1988@gmail.com>
Guan Hao <raptium@gmail.com>
Guan Yu Pan (Jacky) <jackypan1989@gmail.com>
Guichi Zhao <zgc910619@gmail.com>
Guojun Wang <itwanggj@163.com>
Guru Mahendran <me@gurubavan.com>
HJin.me <hjin.me@gmail.com>
Hai Phan Nguyen <pnghai@gmail.com>
Haibin Yu <haibin.yu@oceanwing.com>
Hale Deng <haledeng88@gmail.com>
Han Han <haannn@qq.com>
Hanai <ihanai1991@gmail.com>
Haniel Cui <coldice945@hotmail.com>
Hanjun Kim <hallazzang@gmail.com>
Hanz Luo <lhz0516@gmail.com>
HarlanLuo <luoxwen@gmail.com>
Haroen Viaene <fingebimus@me.com>
Harrison <stlebea@foxmail.com>
Harry.Hou <harry.hou@ringcentral.com>
Harshit Mehrotra <harshitmehrotra@hotmail.com>
Harutaka Kawamura <hkawamura0130@gmail.com>
He Linming <hlm52pk@163.com>
Heaven <ne_smalltown@163.com>
Hell Cat <hellcatvn@gmail.com>
Henri Normak <henri.normak@gmail.com>
HeskeyBaozi <hezhiyu233@foxmail.com>
HiddenMan <1196089730@qq.com>
Hieu Ho <hieu.ho.le@lazada.com>
Hieu Pham <phthhieu@gmail.com>
Higor Araújo dos Anjos <higor.araujo.anjos@gmail.com>
Hollow Man <hollowman@hollowman.ml>
Homyee King <HomyeeKing@gmail.com>
Hossein Alimadad <hossein.alimadad@gmail.com>
Hossein Mohammadi <hosseinm.developer@gmail.com>
HouXiancheng <505421473@qq.com>
Hsuan Lee <HsuanGM@gmail.com>
Hsuan Lee <hsuangm@gmail.com>
Hubert Argasinski <argasinski.hubert@gmail.com>
Hughen <446370503@163.com>
Hugo LEHMANN <shogi31@gmail.com>
Humble <745653239@qq.com>
Hyunseok.Kim <dragmove@gmail.com>
ILdar Nogmanov <nogmanov@gmail.com>
Igor <nemytyshew@yandex.ru>
Igor Andriushchenko <igor.andriushchenko@snowsoftware.com>
Igor G <i.gaidai4uk@gmail.com>
Ikko Ashimine <eltociear@gmail.com>
Ilan <hasanovtk@gmail.com>
Ilya Bondarenko <bondarenko.ik@gmail.com>
ImJoeHs <865439601@qq.com>
Infinity <305870677@qq.com>
Inian <inian1234@gmail.com>
Israel kusayev <israel.kusayev@gmail.com>
Italo <italoaurelior@gmail.com>
Ivan <ivan.pecharitsa@gmail.com>
Ivan Kravets <me@ikravets.com>
Ivan Rudoy <rudooy@gmail.com>
Ivan Trofimov <ivan@trofimov.link>
Ivan Tsybulin <vanyatsybulin@gmail.com>
Ivan Yakovlev <addictional2013@gmail.com>
Ivo Stratev <ivo.stratev.tues@gmail.com>
JRoger <sjr_vip@126.com>
Jabir K.H <khjabir@gmail.com>
Jack <jacklee82814@gmail.com>
Jack Hsieh <jack@egenware.com>
Jack Lo <jack-lo@foxmail.com>
Jack Works <zjwpeter@gmail.com>
Jackie.Ls <418292038@qq.com>
Jacques Kvam <jwkvam@gmail.com>
JaePil Jung <jjp5023@gmail.com>
Jaewook Ahn <ajw4586@gmail.com>
Jaimy de Graaf <me@vfour.dev>
Jake Richards <jake.richards@genesys.com>
Jaly <dcdlove@qq.com>
James <daoxingyue@live.cn>
James <james@schoolshape.com>
James Tsang <wentao_zeng1@163.com>
James Yeung <shunjiey@hotmail.com>
JamesYin <elantion@gmail.com>
Jamki <13414367591@163.com>
Jan Václavík <jvaclavik@gmail.com>
Janry <wangzhili56@126.com>
Jaroslav Bereza <github.com@bereza.cz>
Jarret Moses <jarret.moses@gmail.com>
Jarvis1010 <travis.mair@gmail.com>
Jase Owens <jaseowens197@gmail.com>
Jase Pellerin <jasepellerin@gmail.com>
Jason <ceocjy@vip.qq.com>
Jason Chung <shiningjason1989@gmail.com>
Jason Yin <yinjiangsheng@gmail.com>
Jay Fong <fjc0kb@gmail.com>
Jean-Luc Sorak <jlsorak@icloud.com>
Jean-Philippe Roy <ohnoesmyoreos@gmail.com>
Jeff Wen <sinchangwen@gmail.com>
Jefferson Rafael Kozerski <jeff.drumgod@gmail.com>
Jeffrey Carl Faden <jeffreyatw@gmail.com>
Jehu <z_zhihao@foxmail.com>
Jelle de Jong <jelle@hoest.nl>
Jenna Van Conett <jenna.vanconett@boweryvaluation.com>
Jennie <jennie.ji@hotmail.com>
JeromeLin <jerome.lin@zhongan.com>
Jerry Bendy <jerry@icewingcc.com>
Jesper We <jesper@journeyman.se>
Jesus The Hun <iletaitunefoisfenghuang@gmail.com>
Jiabin Peng <png.inside@gmail.com>
Jiahao <jahowchen@outlook.com>
Jiajun Chen <tychenjiajun@live.cn>
Jialei <jialeicui@126.com>
Jiawei Huang <hjiawei@gmail.com>
Jichao Zhong <felixjichao@gmail.com>
Jiehui <jeffylaiakanull@gmail.com>
Jieraaa <842533841@qq.com>
Jimmy <1064425721@qq.com>
Jin ZHANG <jz.zhangjin@gmail.com>
JinXin <m18508218948@163.com>
Jing Ma <mjingm87@qq.com>
Jingsong Gao <kingsongao1221@gmail.com>
Jinke Li <jinke.li666@gmail.com>
Jinke Li <1359518268@qq.com>
Jinxuan Zhu <zhujinxuan@gmail.com>
Jirka-Lhotka <jl887@alumni.cam.ac.uk>
Joao Rabelo <jrabelo@tech6.com.br>
Jocker <123888666zbb@gmail.com>
Joe <qiaolibo@126.com>
Joe Hsu <jhsu.x1@gmail.com>
Johannes Andersen <johannes.andersen@signifyd.com>
Johannes Loewe <johannes@loewe.pm>
John <John60676@qq.com>
John Carlo <johncarloaustria@pm.me>
John Johnson III <john@johnjohnson.cc>
John Nguyen <jtnguyen236@gmail.com>
Johnny Lim <izeye@naver.com>
Johnny-young <1571779481@qq.com>
Johnsen <jiajunzhou1994@163.com>
Jonatas Walker <jonataswalker@gmail.com>
Jonathan Gabaut <possimpible@gmail.com>
Jonathan Lee <1150974628@qq.com>
Jonny Buchanan <jonathan.buchanan@gmail.com>
Joo Wu <wuchu356@gmail.com>
Jordan Hornblow <jordan@jch254.com>
Joshua Chen <sidachen2003@gmail.com>
Josue Peralta <jperal77@gmail.com>
Josué <ujosuegt@outlook.com>
JounQin <admin@1stg.me>
JribiBelhassen <belha9inzaghi@gmail.com>
Jtree03 <wowns0903@gmail.com>
Ju/Smwhr <julienzamor@gmail.com>
JuFeng Zhang <zjffun@gmail.com>
Juan Carlos Lloret H <juan.carlos.lloret@lansweeper.com>
Juan Rodrigo Venegas Boesch <jrvboesch@gmail.com>
Julia Passynkova <ipassynk@hotmail.com>
Julien Confetti <julien.confetti@ulg.ac.be>
Jun Wooram <chatoo2412@gmail.com>
JuniorTour <juniortour@qq.com>
Junwoo Ji <jydrogen@gmail.com>
Junyu Zhan <irrigator@yeah.net>
Juraj Carnogursky <durisvk2@gmail.com>
Justin Reich <reich.justin@gmail.com>
Justin Schuldt <justinschuldt@gmail.com>
Justin Sun <i@jsun969.cn>
Jógvan Olsen <jogvanolsen@hotmail.com>
Kaan KÜÇÜK <kaankck@gmail.com>
Kaien Liao <liaokaien@gmail.com>
Kamal Mahmudi <kamalmahmudi@yahoo.co.id>
Karott <karott7@gmail.com>
Kasra Bigdeli <kasra85@gmail.com>
Katsiaryna Pustakhod <Katsiaryna_Pustakhod@epam.com>
Kayson Wu <772663139@qq.com>
Kelvin Chu <chubillkelvin@gmail.com>
Kenaniah Cerny <kenaniah@gmail.com>
Kenneth Luján Rosas <elgenio.03@gmail.com>
Kenneth Truong <kenneth.e.truong@gmail.com>
KentonYu <975853613@qq.com>
Kermit <kermitlx@outlook.com>
Keven Leone <keven.santos.sz@gmail.com>
Kevin Ivan <info@kevinivan.com>
Kevin Wang <gumtree200@gmail.com>
Kevinaskin <kevinaskin@minus.live>
KgTong <kgtong1992@gmail.com>
Khaled <k.khalil.94@gmail.com>
Khalifa Lame <khalibloo@gmail.com>
Kian <kian@vsu.cc>
Kieren <kierenveerapen94@gmail.com>
Kiho · Cham <monkindey@163.com>
Kim, Harim <harimkims@gmail.com>
Kimmo Saari <kimmo.saari@compile.fi>
Kimmo Saari <kimmo.saari@revolt.fi>
KingxBeta <wyk17@qq.com>
Kirill Alexander Khalitov <voronar@gmail.com>
Kirill Stiopin <kirill.stiopin@hotmail.com>
Kiyan <fourcels@gmail.com>
Knacktus <knacktus@gmail.com>
Knut Olav Bøhmer <bohmer@gmail.com>
Kodai Nakamura <kodai.nakamura.215@gmail.com>
Kol Chen <857137918@qq.com>
Konrad Machlowski <konrad.machlowski@gmail.com>
Krishna Dubagunta <dubagunta.saikrishna@outlook.com>
Krishna Singh <krishna25806@gmail.com>
KuangPengfei <1633397286@qq.com>
Kuitos <kuitos.lau@gmail.com>
Kurt Furbush <kurtfurbush@gmail.com>
Kyle Kelley <rgbkrk@gmail.com>
Kyle Rosenberg <kyle.rosenberg@gmail.com>
Kyrielin <a154571896@gmail.com>
LLinFan- <catfoursi@qq.com>
LT246-VINHNPH\vinhnph <vinhnph@blockpass.org>
Laith <laith24@gmail.com>
Larry Laski <larry.laski@gmail.com>
LaySent <laysent@gmail.com>
LeeHarlan <709886167@qq.com>
LeezQ <lizhenq2009@gmail.com>
Len <wangl_msg@163.com>
LeoYang <LeoY.Dev@gmail.com>
Leon Koole <leon@koole.io>
Leon Shi <superRaytin@163.com>
Leon Shi <superRaytin@gmail.com>
Lewis <lewisfidlers@gmail.com>
Li C. Pan <18306423262@163.com>
Li Chao <rftstars@qq.com>
Li Ming <armyiljfe@gmail.com>
LiPinghai <twopoles@163.com>
LilyWakana <873435892@qq.com>
Liming Jin <jinliming2@gmail.com>
Liming Jin <jinlm@knownsec.com>
Lioness100 <jchickmm2@gmail.com>
Liron Lavy <liron.lavy@gmail.com>
Liu Bowen <Mr_lbw@outlook.com>
Liu Ya <liuya54892@gmail.com>
Liu Yang <zation1@gmail.com>
LongYinan <lynweklm@gmail.com>
Loogeek <340017792@qq.com>
Loïc Huvé <loic.huve@protonmail.com>
Lu Yu <brantscube@hotmail.com>
Lucien Lee <lkiral7903@gmail.com>
Ludwig Bäcklund <ludli839@student.liu.se>
Luke Vella <me@lukevella.com>
Luobo Zhang <zhang.pc3@gmail.com>
Lyndon001 <lld207@126.com>
M Mitchell <mail@megmitchell.ca>
M. Burak Kalkan <mburakkalkan@gmail.com>
MD. Ariful Alam <swazan.arif@gmail.com>
MESSAOUDI Oussama <messaoudi.oussama.in@gmail.com>
MG12 <wuzhao.mail@gmail.com>
Ma Tianxiao <matx2215@outlook.com>
Maciej Czekaj <natanielcz@gmail.com>
MadCcc <1075746765@qq.com>
Madis Väin <madisvain@gmail.com>
Maksim Nesterenko <alendorff@gmail.com>
Maksim Slotvinskij <m.slotvinskij@gmail.com>
Maksym Mosyura <wmornotwm@gmail.com>
Malven <marcusalven@gmail.com>
Manjit Kumar <manjit1727@gmail.com>
Manoj Kumar <manoj.150283@gmail.com>
Manweill <mic.liangwenwei@foxmail.com>
MaoYiWei <137308365@qq.com>
Map1en_ <maplenagisa@gmail.com>
Marcel Jackwerth <marceljackwerth@gmail.com>
Marcela Bomfim <mbomfim@live.com>
Marcia Sun <strear@qq.com>
Marcio Pamplona <marciopamplona79@gmail.com>
Marco Afonso <mafonso333@gmail.com>
Marco Heinrich <mheinrich86@gmail.com>
Marcus Bransbury <marcus.bransbury@gmail.com>
Marcus Stenbeck <marcus.stenbeck@gmail.com>
Marius Ileana <visvadw@gmail.com>
Mars Wong <marswong618@gmail.com>
Marshall Chen <Juniors.fei@gmail.com>
Martijn <m.dormans@student.fontys.nl>
Martin Cermak <crudo@crudo.cz>
Martin Litvaj <kamahl19@gmail.com>
Martin Novák <martinnovak@outlook.com>
Mateusz Burzyński <mateuszburzynski@gmail.com>
Mathew <khayaanimations@gmail.com>
Mathieu Anderson <anderson@talon.one>
Matias Orellana <morellan@gmail.com>
Matt Lein <matt.lein@code42.com>
Matt Wilkinson <mattwilki17@gmail.com>
Max <maksym.mosyura@kruschecompany.com>
Maximilian Meyer <Maximilian.Meyer@br.de>
Md_ZubairAhmed <m-zubairahmed@protonmail.com>
Mehdi Salem Naraghi <momesana@gmail.com>
MeiLin <postget.me@gmail.com>
MengZhaoFly <1424254461@qq.com>
Meow-z <372086270@qq.com>
Meowu <474384902@qq.com>
Miaow <i@zfeng.net>
Micah Guttman <memtech3@gmail.com>
Michael Adams <mtadams007@gmail.com>
Michael Crenshaw <michael@crenshaw.dev>
Michael Krog <mic@apaq.dk>
Michael Salaverry <michaels@axonize.com>
Michael Salaverry <barakplasma@gmail.com>
Michael Shing <mikeyshing88@hotmail.com>
Michael Waddell <michael@waddellnet.com>
Michael Wang <ylzcylx@gmail.com>
Michal Pekar <pekac45@gmail.com>
Michalis Macheras <diodosier@gmail.com>
Michał Jasikowski <michal@jasikowski.pl>
Michelle Zhang <michelle.chsy@gmail.com>
Miclle Zheng <miclle.zheng@gmail.com>
Mikasa33 <mikasa33@qq.com>
Min <phosphene47@chiya.dev>
Min <dicklwm@163.com>
MinJeong Kim <min7859@gmail.com>
MinYuan <s1124yy@gmail.com>
Ming Hann <eldy8888@gmail.com>
Minh Quy <sugiacupit@gmail.com>
Minqi Pan <pmq2001@gmail.com>
Minsung Ryu <ryums0227@gmail.com>
Minwei Xu <faceswilliam@gmail.com>
Mirko Alic <mirko@emeks.com.ar>
Misha Kav <misha.kav@gmail.com>
Mitchell Demler <mitchell.demler@harcourts.net>
Moein Alizadeh <truemoein@gmail.com>
Mohamed Seada <mohamed.seada.1994@gmail.com>
Mohammad Anas <mohammad.anas190@gmail.com>
Mohammad Arsalan <a4arshi@yahoo.com>
Mohammad Faisal <faisalhmohd@gmail.com>
Mohan Ban <banmohan@outlook.com>
Mohelm97 <mohelm97@gmail.com>
Mongkii <mongkii@hotmail.com>
Moni <usmoni@gmail.com>
Monty <montyma1207@163.com>
Mounish Sai <pvsmounish@gmail.com>
Mr.Biscuit <sunshuaiqi@gmail.com>
Mr.Tone <vector@malubei.com>
Mr.jiangzhiguo <jiangzhiguo2010@qq.com>
Ms. Wang <767074895@qq.com>
MuYu <mr.muzea@gmail.com>
Muhammad Sameer <contact@mdsameer.com.np>
Muhammad Sohaib Raza <sohaibraza000@gmail.com>
Mykyta Velykanov <nikitavelykanov@gmail.com>
Mário Gonçalves <mario.mc.goncalves@gmail.com>
Nariman Movaffaghi <nariman.movaffaghi@gmail.com>
Nathan Broadbent <git@ndbroadbent.com>
Nathan Griffin <nathan@gatherhere.com>
Nathan Schneider <n.l.schneider@gmail.com>
Nathan Tavares Nascimento <nathan.tnascimento@gmail.com>
Nathan Wells <nwwells@gmail.com>
Naveen <mailtomassnaveen@gmail.com>
Neekey <ni184775761@gmail.com>
Neil <100huming@gmail.com>
Nekron <nekron.hyt@gmail.com>
Neo Tan <neotan12@hotmail.com>
Neto Braghetto <netow93@gmail.com>
Neverland <chenjiahan@buaa.edu.cn>
Nghiệp <me@nghiep.dev>
Nico <nicolas@freddelacompta.com>
Nicola Bosco <nicola.bosco87@gmail.com>
Nidhi Agarwal <nidhi.agarwal@zomato.com>
Nihal Saxena <saxenanihal95@gmail.com>
Nikesh <nikesh.ramnani@gmail.com>
Nikita Bystrov <arttsesoft@gmail.com>
Nikita Marinosyan <nikita.marinosyan@gmail.com>
Nikitenkova <katrin_7nes7@mail.ru>
Niko Autio <niko.autio@fenten.fi>
Nikolay <veseliy07@gmail.com>
Nikolay Solovyov <i@mr-ozio.ru>
Nima Dehnashi <nima@getaround.com>
Nimo <nimo.jser@gmail.com>
NinJa <386805508@qq.com>
Nishant Arora <na.nishantarora@gmail.com>
Niyaz Akhmetov <axmet180@gmail.com>
Noel Kim (김민혁) <noel@quotabook.com>
Nokecy <Nokecy@163.com>
OAwan <georgio.wan@gmail.com>
Olaniyi Philip Ojeyinka <olaniyiojeyinka@gmail.com>
Oleg Kuzava <olegkuzava@gmail.com>
Oleksandr Kovalchuk <me.olexandr.kovalchuk@gmail.com>
Olivier Louvignes <olivier@mgcrea.io>
Olivier Louvignes <olivier@mg-crea.com>
Omri Grossman <omrigr123@gmail.com>
Ooi Yee Wei <ywooi@yahoo.com>
Open Next <opennext@126.com>
Oren Kosto <orenkosto86@gmail.com>
Oren Kosto <oren@panda-os.com>
Orkhan Huseynli <orkhan.huseyn@outlook.com>
OuYancey <ou.yancey@gmail.com>
PCCCCCCC <zpc.excel@foxmail.com>
Pablo Recalde <me@pablorecalde.com>
Panjie Setiawan Wicaksono <panjie@panjiesw.com>
Patrick Gidich <patrick.gidich@simnova.com>
Patryk <longer44@gmail.com>
Paul Damnhorns <pavel.chertorogov@gmail.com>
Paul Julien <paul.julien@polyconseil.fr>
Paul Julien <paul.julien.dev@gmail.com>
Peach <scdzwyxst@gmail.com>
Pengsha Ying <810998652@qq.com>
Peritot Chan <peritotchan@gmail.com>
Peter <usstpeter@gmail.com>
Peter Berg <atticusberg@gmail.com>
Peter Gassner <peter@gassner.io>
Phanupong Janthapoon <panupong.jtp@gmail.com>
Philip Oliver <philipodev@gmail.com>
PhosphorusP <1309396166@qq.com>
Phyllis <escapiststupor@gmail.com>
Picsong <312465087@qq.com>
Pierre <pierre@bazoge.com>
Pierre Neter <pierreneter@gmail.com>
Piotr Monwid-Olechnowicz <hasparus@gmail.com>
Piper Chester <piperchester@gmail.com>
PisecesPeng <Piseces.Peng@outlook.com>
Pixy Yuan <pixy.bupt@gmail.com>
PlayerWho <who.zhuang@gmail.com>
Pob Ch <590650@gmail.com>
Pooya Parsa <pyapar@gmail.com>
Primlx <primulax@live.com>
Pubudu Kodikara <pubudu@leafycode.com>
Pyiner <lijiuyang1992@gmail.com>
Pyroboomka <qwaarty@mail.ru>
QC-L <github@liqichang.com>
Qhan W <whenhan@foxmail.com>
Qiaosen Huang <joesonw@gmail.com>
QingLance <QingLance@126.com>
Qingrong Ke <keqingrong1992@gmail.com>
QoVoQ <674263588@qq.com>
Radomir Skrzepij <zyziu10@gmail.com>
Rafael Carvalho <r.carvalho@me.com>
Rafael Cosman <rafaelcosman@alumni.stanford.edu>
Rafael Martins <rafaelplmartins@hotmail.com>
Rahul Gurung <gurungrahul2@gmail.com>
Rain120 <1085131904@qq.com>
Rainy <geekrainy@gmail.com>
Rallets <rallet@rallets.com>
Ramsés Moreno <ramses@cuatromedios.com>
Ran Byron <ranbena@gmail.com>
Randy <randypriv@gmail.com>
Raphael Chauveau <raph.chauveau@gmail.com>
Ray Booysen <raybooysen@gmail.com>
Ray Booysen <ray.booysen@baikalmkt.com>
Rayron Victor <rayronvictor@gmail.com>
Reed Sun <superreedsun@gmail.com>
Regan Langford <regan.reihana@gmail.com>
Renny Ren <rennyallen@hotmail.com>
Renovate Bot <bot@renovateapp.com>
Rex <zhangzilong.zzl@163.com>
Rex Zeng <rex@rexskz.info>
Ricardo Morais <moraispgsi@gmail.com>
Ricardo Raphael Joson <rrjoson08@gmail.com>
Richard D. Worth <rdworth@gmail.com>
Rick Zhou <rinick@gmail.com>
Ritesh Makan <ritesh.makan@gmail.com>
Riyad Elberkawy <riyad.elberkawy@gmail.com>
Robert Wilkinson <wilkinson.robert.a@gmail.com>
Robin Pokorny <me@robinpokorny.com>
Rodrigo Ehlers <rodrigoehlers@outlook.com>
Rohan Bagchi <rohan.bagchi01@gmail.com>
Rohan Malhotra <rohan.root@gmail.com>
Roman Soroka <40a90@mail.ru>
Ron Šmeral <ron.smeral@gmail.com>
Rongjian Zhang <pd4d10@gmail.com>
Rrrandom <emanonhere@gmail.com>
RunningCoderLee <sprint_l@aliyun.com>
Ryan Lee <yigexbl@gmail.com>
RyanHui <ryanhui1996@gmail.com>
Régis Foucault <regisfoucault@gmail.com>
SHEN Lin <shenlin192@gmail.com>
Saeed Rahimi <saeedr.com@gmail.com>
Sagar Jain <sagar7993@gmail.com>
Sagie501 <Sagie012@gmail.com>
Sakari Pesonen <pesonen.sakari@gmail.com>
Sakol Assawasagool <koobitor@gmail.com>
Salavat Gizatov <100ishundred@gmail.com>
Sam Chen <chenxsan@gmail.com>
Sam Kah Chiin <samkahchiin@gmail.com>
Sam Lanning <sam@samlanning.com>
Sam Marks <sam@sammarks.me>
Sam Maxwell <sam@paybase.io>
Samed Düzçay <samedduzcay@gmail.com>
Sami Mäkinen <zakarfin@gmail.com>
Samuel Gaus <sam@gaus.co.uk>
Sanghyeon Lee <yongdamsh@gmail.com>
Sangle <whb97@163.com>
Sanjay Kumar <kris.gooner@gmail.com>
Sanjay Kumar <sk@tectusdreamlab.com>
Sanonz <sanonz@126.com>
Scott Goci <scottjg@gmail.com>
Scott Sturgeon <scott@tugboatlogic.com>
Sean Lin <sean@ejoy.com>
Sean Willis <sean.willis@incorta.com>
Seba Kerckhof <seba.kerckhof@gmail.com>
Sebastian Blade <blade254353074@hotmail.com>
Sebastian Busch <s.busch@obg-gruppe.de>
Sebastian Busch <mail@sebastian-bus.ch>
Sebastian Busch <s.busch@qbus-enet.de>
Semro <semenrozhkov@mail.ru>
Sepush <sepush@outlook.com>
Sergey Kachanovskiy <sergey.kachanovskiy@gmx.de>
Sergey Levkovich <gosu.87@mail.ru>
Sergey Volynkin <sergey.volynkin@akvelon.com>
Sergio Crisostomo <sergiosbox@gmail.com>
Sevak <shaderzak@gmail.com>
Shanjie Chen <cnzxcsj@outlook.com>
Shawn Sit <xueqingxiao@gmail.com>
Shengnan <baxtergu@gmail.com>
Sheralijon <sherali.uz@gmail.com>
ShiTengFei <shitengfei@goyoo.com>
ShuYu Wang <andelf@gmail.com>
Shubham Kanodia <shubhamsizzles@gmail.com>
Shun <polytechnics.shun@gmail.com>
Shuvalov Anton <anton@shuvalov.info>
SimaQ <sima.zhang1990@gmail.com>
Simo Aleksandrov <simo3003@me.com>
Simon <wsj_simon@163.com>
Simon Altschuler <simon@altschuler.dk>
Simon Knott <simoknott@gmail.com>
Simón Posada Fishman <simonpfish@gmail.com>
Siou <abz53378@gmail.com>
Sivaraj <contact@sdev.in>
SkyAo <csvwolf@qq.com>
Skylar艺璇 <mengxue.yx@gmail.com>
Snyk bot <github+bot@snyk.io>
Songhn <songhn233@gmail.com>
Sonjeet Paul <sonjeetcp.98@gmail.com>
Sonu Sharma <echosonusharma@gmail.com>
SoraYama <sorayamahou@gmail.com>
South <1275093225@qq.com>
Spencer <spjy@hawaii.edu>
Stanley Thijssen <stanley.thijssen@energybox.com>
Stanley Thijssen <stanley.thijssen@gmail.com>
Star <li_starxing@163.com>
Stef Schenkelaars <stef.schenkelaars@gmail.com>
Stephen Esser <Stephen.Esser@gmail.com>
Stevche Radevski <sradevski@live.com>
Steven.zhong <953665604@qq.com>
Subroto <shub1493biswas@gmail.com>
Suki小火车 <463355954@qq.com>
Sukka <isukkaw@gmail.com>
Sumit Vekariya <sumitvekariya7@gmail.com>
Sunny Luo <sunnylqm@gmail.com>
Sven Efftinge <sven.efftinge@typefox.io>
Svyatoslav <s.solopchenko@gmail.com>
SyMind <dacongsama@live.com>
Sylvain Boulade <sboulade@gmail.com>
SylvanasGone <397009765@qq.com>
TTC <345866517@qq.com>
TangLL <ioy102@126.com>
Tanmoy Bhowmik <tanmoy.openroot@gmail.com>
Tannmay S Gupta <tanmaygup123@gmail.com>
Tao <magicdawn@qq.com>
Tao Zhang <windse7en@gmail.com>
Taucher Christoph <taucher.ch@gmail.com>
Taylor Sabell <taylorsabell@gmail.com>
Ted Shin <ted.m.shin@gmail.com>
Teng YANG <morenyang88@gmail.com>
Teng YANG <yangteng@me.com>
Tengjiao Cai <caitengjiao1987@gmail.com>
Terence <trence320@163.com>
The 1975 <fed.xyfy@gmail.com>
The Rock <zhoguoxin@126.com>
Themi Tsiotas von Pfaler <themi1234@gmail.com>
Theo Satloff <1golfball@gmail.com>
Thibault Derousseaux <tde@activeviam.com>
Thiebaud Thomas <thiebaud.tom@gmail.com>
Thomas <tom@axisj.com>
Thomas Ladd <thomas.ladd@stackpath.com>
Thomas Zipner <thomas.zipner@gmail.com>
Tino D <ginodeis@gmail.com>
Tmk <i@tmk.im>
Tom Gao <tom@zoomsoft.cc>
Tom Xu <ycxzhkx@gmail.com>
Tom Xu <tom.xu@antcosa.com>
TomIsion <isiontom@gmail.com>
Tomás Francisco <mail@tomasfrancisco.com>
Tomáš Hylský <thylsky@gmail.com>
Tomáš Szabo <tomas.szabo@deftomat.com>
Trotyl Yu <trotyl@qq.com>
Troy Li <a@tianyi.li>
Troy Thompson <troynt@gmail.com>
TsesamLi <tsesamli17@gmail.com>
Ty Mick <ty@tymick.me>
Tyler <chaotyler@gmail.com>
Ubaldo Quintana <blkdr@hotmail.com>
Uladzimir Atroshchanka <uladzimir.atroshchanka@gmail.com>
Uladzimir Atroshchanka <Uladzimir.Atroshchanka@vertexinc.com>
Umberto Gariggio <gariggio@gmail.com>
Vadim Macagon <vadim.macagon@gmail.com>
Valentin Vichnal <valentin@vichnal.com>
Van Nguyen <vnguyen94@gmail.com>
Varun Dey <varundey20@gmail.com>
Varun Sharma <varunsh@stepsecurity.io>
Vemund Santi <vemund@santi.no>
Vic <709147950@qq.com>
Victor <saptefrativictor@gmail.com>
Victor Repkow <repkowvictor@gmail.com>
Vijay Thirugnanam <vijayst@gmail.com>
Vincent Zhang <vxzhong@qq.com>
Vineet Srivastav <vineetvk01@gmail.com>
Viorel Cojocaru <vio@beanon.com>
Vishal Jagtap <jagtap.vishal30@gmail.com>
Vitaliy Mazurenko <vitaliymazurenko@gmail.com>
Vitaly Budovski <vbudovski@gmail.com>
ViviaRui <zr1450995198@163.com>
Vlad Vovk <wolfykey@gmail.com>
Vu Hoang Minh <vuhminh@gmail.com>
Vyacheslav Kamenev <vy.kamenev@gmail.com>
Walter Barbagallo <brb.walter@gmail.com>
Walter Barbagallo <turbometalskater@gmail.com>
Wang Jun <amos.callmexyz@gmail.com>
Wang Riwu <riwu0730@gmail.com>
Wang Zhengchen <wang909208@163.com>
Wang yb <wangyibu123@gmail.com>
Warren Seymour <warren@fountainhead.tech>
Webber Takken <webber@takken.io>
Wei Zhu <yesmeck@gmail.com>
Wenchao Hu <zjuhwc@gmail.com>
Wendell <wendellhu95@outlook.com>
Wendell <wendzhue@gmail.com>
Wenqi Chen <1264578441@qq.com>
Wensheng Xu <xws@superid.cn>
Wesley <pengyw97@gmail.com>
Will <will_workhard@163.com>
Will Chen <willchen90@gmail.com>
Will Soares <willamesoares65@gmail.com>
William Bergeron-Drouin <william@inter-net.ca>
William Cai <williamcai@easyops.cn>
William Stein <wstein@gmail.com>
WingGao <wing.gao@live.com>
Winme <winme0308@gmail.com>
Wu Haotian <whtsky@gmail.com>
WuJiali <18767152447@163.com>
Wuxh <wxh1220@gmail.com>
Wuxh <wxh16144@qq.com>
X-Jagger <xl.jagger@gmail.com>
XBTop1! <xbtop1@gmail.com>
XIN HU <hoosin.git@gmail.com>
XTY <^@xty.dev>
Xiaoming <yokiming1994@gmail.com>
Xie Guanglei <xieguanglei@hotmail.com>
Xinxing Li <lixinxing.2019@bytedance.com>
Xinzhe Wang <me@imwxz.com>
Xiping.wang <527409987@qq.com>
Xu Zhiwei <gcdxuzhiwei@gmail.com>
XuMM_12 <owiatsq@sina.cn>
Xudong Cai <fifsky@gmail.com>
Xudong Huang <me@xudong.dev>
Xuhao <xuhao@rubyfans.com>
Yaindrop <yuan_dian@live.com>
YanYuan <1025138284@qq.com>
Yang Bin <yangkghjh@gmail.com>
Yangzhedi <uiryzd@163.com>
Yanlin Jiang <cncolder@gmail.com>
Yanming Deng <cisolarix@gmail.com>
Yann Normand <yann.normand@gmail.com>
Yann Pringault <yann.pringault@gmail.com>
Yash Joshi <jyash97@gmail.com>
Yasin Uslu <nepjua@gmail.com>
Yevhen Hryhorevskyi <evgeniygrigorevskiy@gmail.com>
Yiming <ymjrcc@qq.com>
Yogesh <yogeshkumar180592@gmail.com>
Yu <yutingzhao1991@sina.com>
Yu Mao <maoyulore@outlook.com>
Yu Mao <maoyu960320@hotmail.com>
YuChao Liang <l.yuch@foxmail.com>
YuTao <yutao0818@vip.qq.com>
Yuan <1076849402@qq.com>
Yuhang Liu <644186735@qq.com>
Yuiai01 <yui.ai@qq.com>
Yuki Zhang <foryuki@outlook.com>
Yulia Maximova <juliam2007@mail.ru>
Yunfly <120562638@qq.com>
Yunhwan Logan Na <nayunhwan.dev@gmail.com>
Yunus EŞ <yunus@yunuses.com>
Yunwoo Ji <unu12073@gmail.com>
Yuri Pirola <yuri.pirola@unimi.it>
Yurii Brusentsov <yuriybrusentsov@gmail.com>
Yury Kozyrev <urakozz@me.com>
Yusuke Ito <novi.mad@gmail.com>
Yuwei Ba <i@xiaoba.me>
Yuxuan Huo <yuxuan.huo2011@gmail.com>
Yuyao Nie <nieyuyao0826@hotmail.com>
YuyingWu <wuyuying1128@gmail.com>
Yvan Zhu <i@zhuyunfeng.com>
ZH-seven <289621059@qq.com>
ZHANGYU <723156735@qq.com>
ZN1996 <664062309@qq.com>
ZYSzys <zyszys98@gmail.com>
Zach Bird <546439325@qq.com>
Zack Amiton <zamiton@outlook.com>
Zack Craig <zack@zack6849.com>
Zap <a124116186@qq.com>
ZeroToOne <igeeke@163.com>
Zester Quinn Albano <zesterquinn.albano@gmail.com>
Zhang Zhi <fytriht@gmail.com>
Zhanghao <yukiniro@hotmail.com>
Zheeeng <air.island.e@foxmail.com>
Zheeeng <hi@zheeeng.me>
ZhiHao Li <940166841@qq.com>
Zhiqiang Gong <elory0513@hotmail.com>
Zhongjan <zjgdmz@yeah.net>
ZhouZhen <503633021@qq.com>
Zhuo Chen <chenzhuo@caicloud.io>
Ziluo <gyfzzu@gmail.com>
ZivHe <gooyoung@foxmail.com>
Zohaib Ijaz <mzohaib.qc@gmail.com>
Zzzen <843968788@qq.com>
_XiaoTian <istianlei@qq.com>
aLIEzsss4 <15624958088@163.com>
aaarichter <anrief81@gmail.com>
aashutoshrathi <aashutoshrathi@gmail.com>
acfasj <acfasj@gmail.com>
adam <adamwu1992@163.com>
afc163 <afc163@gmail.com>
agarciaguillo <albertogarciaelx@gmail.com>
agent-z <1607291079@qq.com>
aghArdeshir <ardeshireo@gmail.com>
ahalimkara <ahalimkara@gmail.com>
ajuner <106791576@qq.com>
alekslario <aleksandlario@gmail.com>
alex89lj <379118572@qq.com>
alexchen <alexchen@easyops.cn>
amedora <americandragsterracing@gmail.com>
aoxiang78 <ao_xiang@live.com>
appleshell <appleshell@outlook.com>
arange <panpan2558@gmail.com>
arifemrecelik <ce.arifemre@gmail.com>
arturpfb <arturpfb@gmail.com>
ascodelife <394922886@qq.com>
ascoders <576625322@qq.com>
ashishg-qburst <ashishg@qburst.com>
atomoo <yangpein@gmail.com>
atzcl <atzcl0310@gmail.com>
bLue <tbdblue@gmail.com>
babycannotsay <335658202@qq.com>
baidumap <460807394@qq.com>
bang <sqibang@gmail.com>
baozefeng <727751065@qq.com>
bcd337 <b.bcd337@gmail.com>
benben <jinwentao0914@dingtalk.com>
bigbigbo <zxb141242@163.com>
binyellow <571704908@qq.com>
blankzust <450811238@qq.com>
bluelovers <codelovers@users.sourceforge.net>
bobo <625391250@qq.com>
btea <2356281422@qq.com>
bukas <yhz1219@gmail.com>
byuanama <byuan@ama.com.au>
byzyk <bohdan.kh@gmail.com>
bzone <yarnbcoder@gmail.com>
caoyi <caoyi0905@mail.hfut.edu.cn>
capdiem <capdiem@live.com>
carrie-tanminyi <12mytan@gmail.com>
cathayandy <wzm_andy@126.com>
cc189 <cc189dev@gmail.com>
chaofeis <408067385@qq.com>
chchen <cc272309126@gmail.com>
chen wen jun <731028571@qq.com>
chen-jingjie <2383844893@qq.com>
chencheng (云谦) <sorrycc@gmail.com>
chenlei <745512023@qq.com>
chenlong <long.chen@abssqr.com>
chensw <swchenforgetful@hotmail.com>
chenxiang <597219320@qq.com>
chenxiaochun <sjzchenxiaochun@gmail.com>
chequerNoel <noel@chequer.io>
chisus <chisus@smartstudy.co.kr>
chunlea <ichunlea@me.com>
cieldon32 <cieldon32@gmail.com>
cjahv <cjahv@qq.com>
cjmafei <1135328499@qq.com>
cjmafei <cjmafei@guandata.com>
cl1107 <cl_1107@126.com>
clean99 <xff9924@gmail.com>
clinyong <clinyong@gmail.com>
cnjs <1269075501@qq.com>
codesign <zuishiguang@126.com>
corneyl <cornieljoosse@gmail.com>
csr632 <632882184@qq.com>
daczczcz1 <daczosnek@gmail.com>
dainli <dainli@outlook.com>
damon.chen <chj_0507_dz@sina.com>
david.lv <lvdawei1970@gmail.com>
david.lv <code4funlnyx@gmail.com>
davidhatten <david.r.hatten@gmail.com>
ddcat1115 <ddcat1115@gmail.com>
decade <decadef20@gmail.com>
delesseps <andrewlessels@gmail.com>
denzw <denzw@21cn.com>
dependabot[bot] <support@dependabot.com>
desperado <yuwei_149@163.com>
detailyang <detailyang@gmail.com>
devqin <devqin@gmail.com>
dian.li <dian.li@yunzhanghu.com>
digz6666 <digz6666@gmail.com>
dingkang <dingkang0458@gmail.com>
djorkaeff <djorkae55@gmail.com>
dolfje <nikosverschore@gmail.com>
dongfang <1136005348@qq.com>
douxc <douxc512@gmail.com>
dpyzo0o <yang.xu940121@outlook.com>
dujun <emolingzhu@126.com>
duzliang <duzliang@gmail.com>
edc-hui <edc-hui@outlook.com>
edgji <j.edgji@gmail.com>
eidonjoe <806488716@qq.com>
elios <elios264@hotmail.com>
elrrrrrrr <elrrrrrrr@gmail.com>
eruca <nickwill1984@126.com>
ezpub <ez.foro@gmail.com>
fairyland <cwjTerrace@163.com>
feeng <feengqi@gmail.com>
feng zhi hao <fzhihao@outlook.com>
fengmk2 <fengmk2@gmail.com>
fengmk2 <m@fengmk2.com>
fish yu <501254061@qq.com>
fkysly <fkysly@gmail.com>
flashback313 <windmark2012@gmail.com>
flyerH <hzw758@qq.com>
frezc <504021398@qq.com>
gaokaifeis <gaokf0103@163.com>
gaoryrt <gaoryrt@gmail.com>
gaozhenqian <837856276@qq.com>
genie <genie88@163.com>
gepd <guillermoepd@hotmail.com>
godfather <greenday.wj@foxmail.com>
gregahren <grega.hren@gmail.com>
gxvv <gaoxin18000@gmail.com>
gyh9457 <gyh9457@163.com>
gzq <zguoby@gmail.com>
haianweifeng <1531297152@qq.com>
haimrait <haimrait@gmail.com>
haipeng <firemmet@gmail.com>
handy <lihandi@gmail.com>
hank <stonehank310@gmail.com>
hanpei <75189218@qq.com>
hansnow <hansnow2012@gmail.com>
haoxin <coderhaoxin@outlook.com>
hardfist <yangjianzju@gmail.com>
hatanon <sthtnr@gmail.com>
hauwa123 <hauwa.aminu@outlook.com>
hebingchang <hebingchang1@live.com>
hehe <xpc1993@gmail.com>
hehe <xpc_kacl@163.com>
hello-chinese <841030329@qq.com>
helloqian12138 <johnhello12138@163.com>
henryv0 <henryvo94@gmail.com>
hi-caicai <hi@cai-cai.me>
hicrystal <295247343@qq.com>
hms181231 <hms181231@gmail.com>
hongxuWei <hongxu.wei@outlook.com>
howard <geograous@126.com>
huangyan.py <huangyan.py@bytedance.com>
hugorezende <hugorezendedev@gmail.com>
huishiyi <zhou1maple@gmail.com>
huzzbuzz <huzzbuzz@outlook.com>
hydraZty <670688667@qq.com>
i3web <itnote@qq.com>
iamcastelli <sowed@cyberdude.com>
iamkun <kunhello@outlook.com>
ibrahim velinov <ibsukru@gmail.com>
imosapatryk <imosa.patryk@gmail.com>
int2d <int2d@qq.com>
iojichervo <ioji@chervonagura.com.ar>
iola1999 <iola1999@foxmail.com>
ioldfish <fish.wangl@gmail.com>
iorikingdom <iorikingdom@hotmail.com>
isaced <isaced@163.com>
isakol <isakol@kth.se>
itibbers <jxn2014@gmail.com>
iugo <iugogogo@gmail.com>
j3l11234 <297259024@qq.com>
jasonslyvia <jasonslyvia@gmail.com>
jasonxia23 <xia.jason23@gmail.com>
jeessy2 <454207171@qq.com>
jiajiangxu <minesaner@163.com>
jiang <155259966@qq.com>
jiang.an <jarancn@gmail.com>
jiang.he <573748150jh@163.com>
jieniu$ <jienius@outlook.com>
jinouwuque <ee2win@gmail.com>
jinrui <jerrykingxyz@gmail.com>
jinyaqiao1102 <405782493@QQ.com>
jojoLockLock <miffyschou@sina.com>
joson <373693643@qq.com>
jueinin <1014397160@qq.com>
junjing.zhang <zhangjunjing@gmail.com>
kacjay <45483388@qq.com>
kaifei <150641329@qq.com>
kailunyao <kailunyao@163.com>
kalykun <984757534@qq.com>
kanweiwei <475801900@qq.com>
kaoding <41830859@qq.com>
karasu <karasu@karasu.moe>
kasinooya <kasinooya@gmail.com>
kavin <kavin.huang@alphaliongroup.com>
kayw <kayw@outlook.com>
kdenz <ksnz93@gmail.com>
kdepp <kdepp.cd@gmail.com>
keng <keng@renderinghouse.com>
kenve <zwei.xie@gmail.com>
kermolaev <kermolaev@cloudally.com>
kily zhou <keeliizhou@gmail.com>
kiner-tang(文辉) <1127031143@qq.com>
klouskingsley <harry_tse@163.com>
ko <git@yaksok.net>
konakona <lovekonakona@gmail.com>
kossel <lis.yichao@gmail.com>
kristof0425 <dombi.kristof@gmail.com>
kuang <p2227@hotmail.com>
kun sam <kunsam624@icloud.com>
lalalazero <zzzero520@hotmail.com>
lamvananh <lamanh.blog@gmail.com>
leadream <857098475@qq.com>
lehug <zcszuo5811@126.com>
leijingdao <leijingdao@163.com>
lewis liu <897473127@qq.com>
lexlexa <lexlexa.new@gmail.com>
lgmcolin <lgmcolin@gmail.com>
lgmcolin <gengmin.lgm@gmail.com>
lhx <liuhongxi0000@163.com>
lhyt <515593899@qq.com>
liangfei <njliangfei@gmail.com>
lich-yoo <lich95for@163.com>
liekkas <zjq0717@163.com>
lihao <dahao@qq.com>
lihqi <455711093@qq.com>
lijianan <574980606@qq.com>
lilun <lilun_cd@keruyun.com>
limingxin <906529775@qq.com>
linqiqi077 <865530219@qq.com>
lisenenkov <lisenenkov@mail.ru>
littleLane <857183384@qq.com>
littledian <1197434548@qq.com>
liuchuzhang <liuweiminer@hotmail.com>
liuchuzhang <liuweiminer@126.com>
liuycy <liuycy@yeah.net>
lixiaochou077 <qi.liqi07@gmail.com>
lixiaoyang1992 <lixiaoyang2345@gmail.com>
liyuanqiu <yuanqiulee@gmail.com>
lizhen <lizhen@youzan.com>
llwslc <llwslc@gmail.com>
loganpowell <loganp@tepper.cmu.edu>
losgif <losgif@gmail.com>
lushevol <lushevol@outlook.com>
luyiming <luyimingchn@gmail.com>
lvren <luren6049@qq.com>
lxnxbnq <yuanddmail@163.com>
lyhper <lyhper@gmail.com>
lyn <76365499@qq.com>
lyon.han <lyon.han.china@outlook.com>
mArker <252133226@qq.com>
maks <pine3ree@gmail.com>
maomao <1714487678@qq.com>
maximest-pierre <me@maximest-pierre.me>
melchior voidwolf <kmno4k2mno4@gmail.com>
memoryza <jincai.wang@foxmail.com>
mgrdevport <mgrdevport@gmail.com>
mingyan.yu <mingyan.yu@wormpex.com>
miracles1919 <516571350@qq.com>
miracles1919 <lujie@yuantutech.com>
mjfwebb <bugeyedboy@gmail.com>
mkermani144 <mkermani144@gmail.com>
mmmveggies <jakeselig@gmail.com>
mofelee <mofe@me.com>
moonrailgun <moonrailgun@gmail.com>
mraiguo <810158465@qq.com>
mraiguo <mraiguo@gmail.com>
mumiao <mumiao@dtstack.com>
mushan0x0 <mushan0x0@gmail.com>
muxin <434980373@qq.com>
muxin <a2944938071@163.com>
muzuiget <muzuiget@gmail.com>
natergj <nater_nater@me.com>
netcon <netcon@live.com>
ngolin <poodll@163.com>
nick-ChenZe <chenze2168@gmail.com>
niko <644506165@qq.com>
nitinknolder <nitin.arora@knoldus.com>
nnecec <nnecec@outlook.com>
nuintun <nuintun@gmail.com>
nuintun <nuintun@qq.com>
oldchicken <www.chao3208525@qq.com>
paleface001 <liuye10@yahoo.com>
parabolazz <parebolayh@outlook.com>
paranoidjk <hust2012jiangkai@gmail.com>
parlop <parlop@gmail.com>
paul <34345790@qq.com>
pbrink231 <pbrink231@gmail.com>
peiming <hyrijk@gmail.com>
pengtikui <949828390@qq.com>
pfsu <wellssu0@gmail.com>
picodoth <pikaleize@gmail.com>
picodoth <picodoth@gmail.com>
pinggod <pinggodstudio@gmail.com>
pizn <pizner@gmail.com>
plainnany <plainnany@gmail.com>
popomore <sakura9515@gmail.com>
prettyboyweiwei <523141385@qq.com>
puxiao <yangpuxiao@gmail.com>
qianbin <1797661770@qq.com>
qiaojie <1454763497@qq.com>
qiqiboy <imqiqiboy@gmail.com>
qliu <1403927509@qq.com>
qqabcv520 <605655316@qq.com>
qramilq <ramirez99@mail.ru>
qubaoming <qubaoming@didichuxing.com>
ravirambles <ravirambles@gmail.com>
realEago <774855001@qq.com>
rendaoer <rendaoer@outlook.com>
renzhao1113 <547249523@qq.com>
richardison <richard.ison@carleton.ca>
roottool <operation.versatile.roottool@gmail.com>
ryangun <ryangun@foxmail.com>
ryanhoho <hswacoal@gmail.com>
ryannz <c5e1856@gmail.com>
sadmark <zhoubin@laidian360.com>
sallen450 <jqh101@sina.com>
samir elsharkawy <samir.elsharkawy@gmail.com>
sdli <1669375803@qq.com>
seognil LC <seognil@gmail.com>
serializedowen <wjh199455@gmail.com>
sfturing <sfturing@gmail.com>
shangyuan.ning <shangyuan.ning@manaowan.com>
shawtung <shawtung@qq.com>
shelwin <wxfans@gmail.com>
shlice <licesh@gmail.com>
shmilyKang <953333436@qq.com>
shouyong <enlangs@163.com>
simplejason <simplejason.coder@gmail.com>
siyu77 <xwzhang1986@gmail.com>
slientcloud <rjmuqiang@gmail.com>
sliwey <qlw1009@gmail.com>
snadn <snadn@snadn.cn>
snail <120216220@qq.com>
snowingfox <1503401882@qq.com>
soeyi <sixinlei0927@gmail.com>
sojournerc <cmeyer@zvelo.com>
soso <ethdud1@gmail.com>
sosohime <theziming@126.com>
spideeee <spideeee@github.com>
sribich <stephen@ribich.dev>
stefango <nankongyinan@gmail.com>
stevenyuysy <stevenyuysy@gmail.com>
stickmy <stickmyc@gmail.com>
susiwen8 <susiwen8@gmail.com>
swindme <swindme@163.com>
syssam <s.y.s.sam.sys@gmail.com>
tae <taeshindev@gmail.com>
tangjinzhou <415800467@qq.com>
tangjinzhou <21251118@zju.edu.cn>
tangjinzhou <tangjinzhou@yidian-inc.com>
taoweicn <twchn@live.com>
tdida <tdida@qq.com>
thegatheringstorm <tgs@tgs.blue>
thilo-behnke <jan-thilo.behnke@gmx.de>
tianli.zhao <275287902@qq.com>
tom <gaoqiang19514@163.com>
tom <caolvchong@gmail.com>
toshi1127 <toshi.matsumoto.2n@stu.hosei.ac.jp>
twobin <twobin@live.com>
ty888 <1506125048@qq.com>
u3u <qwq@qwq.cat>
ubuntugod <adarshron@gmail.com>
uchanlee <uchanlee.dev@gmail.com>
undefined <johann@objekt.stream>
undefined <undefined>
unknown <tongsiyuan@corp.netease.com>
unknown <chenyizhongx@gmail.com>
ustccjw <317713370@qq.com>
vaakian X <vaakian@gmail.com>
vagusx <vagusxl@gmail.com>
valleykid <valleykiddy@gmail.com>
vaytsel <vaytsel@gmail.com>
veveue <veveue@dingtalk.com>
vgeyi <vgeyiz@126.com>
vldh <lidahao@sisyphe.com.cn>
vldh <alwaysloseall@sina.com>
vouis <16nding@gmail.com>
wa-ri <tztl1995@gmail.com>
wadezhan <wadezhan@tencent.com>
wan wan <wancihua@qq.com>
wangao <jameslahm17@gmail.com>
wangao <1366463855@qq.com>
wangao <wa17@mails.tsinghua.edu.cn>
wangshantao <605682551@qq.com>
wangshuai <wangshuai@momenta.ai>
wangtao0101 <yuecjn@gmail.com>
wangxiaolei <fatelei@gmail.com>
wangxing <wangxing@nroad.com.cn>
wangxingkang <wang_xingkang@qq.com>
wangxingkang <156148958@qq.com>
wangxingkang <wangxingkang@sensoro.com>
wangxueliang <wangxueliang@yidian-inc.com>
wanli <wanli@qunhemail.com>
warmhug <hualei5280@gmail.com>
weited <weitedai.dev@gmail.com>
wendellhu <wendellhu95@gmail.com>
wenhong <wenhong.zw@antfin.com>
whinc <whincwu@163.com>
whtang906 <whtang906@gmail.com>
whwangms <whwangms@outlook.com>
willc001 <will.c001@163.com>
wizawu <wizawu@gmail.com>
wleven <408493323@qq.com>
wonyun <wy393767068@163.com>
woodsand <ballerpk70@gmail.com>
wwwxy <xiaowangziwxy@gmail.com>
wx1322 <289758716@qq.com>
xiaofan2406 <xiaofan2406@gmail.com>
xiaofine1122 <985609093@qq.com>
xiaohuoni <448627663@qq.com>
xiaosong <kunkkaco@gmail.com>
xiaoxintang <15707971810@163.com>
xiejiahe <xjh22222228@gmail.com>
xilihuasi <2857818553@qq.com>
xinhui.zxh <xinhui.zxh@antfin.com>
xliez <xliez@foxmail.com>
xrkffgg <xrkffgg@gmail.com>
xuqiang <xuqiang@xiaoshouyi.com>
xyb <576420147@qq.com>
xz <limxz97@gmail.com>
y-take <y.takey@gmail.com>
yanguoyu <841185308@qq.com>
yangwukang <yangwukang@boco.com.cn>
yangxiaolin <yangxiao2810279802@gmail.com>
yanm1ng <644169721@qq.com>
yaoweiprc <yaoweiprc@hotmail.com>
ycjcl868 <45808948@qq.com>
ye4241 <ye4241@gmail.com>
yehq <yedi728@qq.com>
yeliex <yeliex@yeliex.com>
yeshan333 <1329441308@qq.com>
yibu.wang <yibu.wang@orion.co.com>
yifanwww <yifanw1101@gmail.com>
yiminanci <yiminanci@gmail.com>
yiminghe <yiminghe@gmail.com>
yingxirz <inseeing@gmail.com>
youmoo <youmoo@vellichor.me>
youngz <chinayangzhan@126.com>
yuche <i@yuche.me>
yuezk <yuezk001@gmail.com>
yui <1151815317@qq.com>
yykoypj <601924094@qq.com>
z <haig8@msn.com>
zack <zxyah@126.com>
zahgboat <583077757@qq.com>
zefeng <zefengbao@outlook.com>
zelongc <nickcong123@gmail.com>
zerob4wl <zerob4wl@gmail.com>
zhangchen <zhangchen915@outlook.com>
zhangguanyu02 <zhangguanyu02@meituan.com>
zhangj <zhangjin19960908@gmail.com>
zhangpc <zhangpc@tenxcloud.com>
zhangyangxue <383632607@qq.com>
zhangyanling77 <18783226594@163.com>
zhangzh <zhangzh@cnlemon.net>
zhao-huo-long <lijiuyi1995@outlook.com>
zhaocai <lzc09008@gmail.com>
zhaopeidong <lwindscar@gmail.com>
zhenfan.yu <fanerge@qq.com>
zhengjitf <zhengjitf@gmail.com>
zhuguibiao <505418722@qq.com>
zhujun24 <zhujun87654321@gmail.com>
zhyupe <zyp108421@gmail.com>
zilong <jzlxiaohei@163.com>
zinkey <yaya@uloveit.com.cn>
zj9495 <zj9495@gmail.com>
zkwolf <chenhao5866@gmail.com>
zlljqn <zlljqn@gmail.com>
zollero <corona7@163.com>
zongzi531 <zongzi.xy@gmail.com>
zoomdong <1344492820@qq.com>
zqran <uuxnet@gmail.com>
ztplz <mysticzt@gmail.com>
zty <tianyuan233.zhang@gmail.com>
zuiidea <zuiiidea@gmail.com>
zx6658 <zx6658@naver.com>
zxyao <zxyao145@gmail.com>
zytjs <yitongzhao@163.com>
zz <2418184580@qq.com>
°))))彡 <fisherspy@live.com>
Ömer Faruk APLAK <omer@pankod.com>
Ștefan Filip <stefy.filip@gmail.com>
रोहन मल्होत्रा <rohan.malhotra@adwyze.com>
一喵呜 <hyb628@gmail.com>
丁文涛 <wynterding@gmail.com>
不吃猫的鱼 <michael2ib1989@gmail.com>
丶尘殇 <sean.snow@live.com>
乔奕轩 <qiao_yixuan@163.com>
九思⚡⚡⚡ <2228429150@qq.com>
二哲 <kodo@forchange.cn>
二手掉包工程师 <rustin.liu@gmail.com>
二货爱吃白萝卜 <smith3816@gmail.com>
云剪者 <584518260@qq.com>
付引 <xxxquotes@gmail.com>
何乐 <work@imhele.com>
何志勇 <15988134176@163.com>
何锦余 <cadenho@hotmail.com>
佛门耶稣 <fomenyesu@gmail.com>
信鑫-King <chaolinjin@gmail.com>
元凛 <xrkffgg@vip.qq.com>
兼续 <rdmclin2@163.com>
冷方冰 <664930912@qq.com>
刘红 <liuhong1.happy@163.com>
初心Yearth <Yearthmain@gmail.com>
南北 <chersquwn@gmail.com>
南小北 <nanxiaobei@gmail.com>
只捱宅 <zy410419243@gmail.com>
可乐 <zaxlct@foxmail.com>
吕立青 <jimmy.jinglv@gmail.com>
吴泽康 <wu.zekang@outlook.com>
啸生 <ikobe621@gmail.com>
大猫 <rdmclin2@gmail.com>
子瞻 Luci <haru.lucinyan@gmail.com>
宝码 <noyobo@gmail.com>
小哈husky <951565664@qq.com>
小菜 <645801890@qq.com>
小鹅鹅鹅 <littleee.lau@gmail.com>
尾宿君 <lzm0x219@gmail.com>
山客 <zeakhold@gmail.com>
崔宏森 <948346354@qq.com>
左耳咚 <1004714132@qq.com>
广彬-梁 <326741518@qq.com>
庄天翼 <zty0826@gmail.com>
廖应龙 <vigossliao@gmail.com>
廖星 <liaoxing.lx@bytedance.com>
张仕传 <zsc.guru@gmail.com>
张大大 <249812928@qq.com>
张威 <1051127659@qq.com>
张秀玲 <18811794335@163.com>
徐坤龙 <272992168@qq.com>
徐新航 <xuxinhang@bytedance.com>
愚道 <tingzhao.ytz@antfin.com>
曾凯 <zengkai2009@foxmail.com>
期贤 <qixian.cs@antgroup.com>
朮厃 <cn.ah.liu@gmail.com>
李瀚 <lihan@lihansir.com>
李环冀 <158757774@qq.com>
杨兴洲 <dr2009.china@gmail.com>
杨哲迪 <yangzhedi@yidian-inc.com>
杨小事er <Uiryzd@163.com>
松子 <window.pibarr@gmail.com>
林煌东 <10543563@qq.com>
柚子男 <yozman@sina.com>
沐霖 <304647173@qq.com>
爱but的苍蝇 <354788473@qq.com>
王小王 <wsp971@163.com>
王林涛 <hzwanglintao@corp.netease.com>
王浩 <boomler@hotmail.com>
王集鹄 <wjhu111@21cn.com>
琚致远 <juzhiyuan@apache.org>
白羊座小葛 <abeyuhang@gmail.com>
砖家 <brickspert.fjl@antfin.com>
砖家 <576679268@qq.com>
社长长 <ischenkan@outlook.com>
章鱼怪 <ryker.zy@gmail.com>
竹尔 <Juelchiang@gmail.com>
米老朱 <laozhu.me@gmail.com>
精武陈真 <546369005@qq.com>
红果汁 <pingfj77@gmail.com>
约修亚 <510448079@qq.com>
翁润雨 <593110501@qq.com>
臧甲彬 fadeaway <498497303@qq.com>
舜岳 <1277952981@qq.com>
苏秦 <646382806@qq.com>
英布 <chaoren1641@gmail.com>
萧琚 <yizhi.lyz@antfin.com>
董天成 <dongtiangche@outlook.com>
蒋璇 <645762213@qq.com>
蔡伦 <sliuqin@gmail.com>
薛定谔的猫 <weiran.zsd@outlook.com>
薛定谔的猫 <hh_2013@foxmail.com>
藤原托漆 <18826255448@163.com>
行冥 <571748236@qq.com>
诸岳 <fuping.dfp@antfin.com>
诸岳 <fuping.dfp@antgroup.com>
诸岳 <dengfuping_private@163.com>
诸岳 <dengfuping_develop@163.com>
诸葛龙 <158362530@qq.com>
谭真 <736420282@qq.com>
超能刚哥 <margox@foxmail.com>
迷渡 <justjavac@gmail.com>
郑国庆 <zhengshuai1993816@163.com>
郑旭 <332171564@qq.com>
野迂迂 <yangwei1@outlook.com>
闲耘™ <hotoo.cn@gmail.com>
陆离 <surgesoft@gmail.com>
陈帅 <qixian.cs@outlook.com>
陈帅 <wasd2144@hotmail.com>
陈广亮 <geraldchen890806@gmail.com>
陈立林 <245839124@qq.com>
隋鑫磊 <joshuasui@gmail.com>
雷玮杰 <vingeray@gmail.com>
马斯特 <sd4399340@126.com>
马金花儿 <o.o@mug.dog>
骆也 <luoyefe@gmail.com>
骗你是小猫咪 <darryshaw@gmail.com>
高力 <3071730@qq.com>
鬼厉 <shawdanon@qq.com>
麦谷 <1141453778@qq.com>
黄俊亮 <jayhuang@easyops.cn>
黄文鉴 <concefly@foxmail.com>
黄斌 <bin.huang02@hand-china.com>
黑雨 <wangning4567@163.com>
龙风 <455947455@qq.com>
龚方闻 <fangwen.gong@baishancloud.com>